Title,Price,Category,Lizingas,Populiariausia preke,Naujiena
CF316WN Beko,295.81,šaldiklis, lizingas 0% iki 10 mėn.,N/A,N/A
BCF142E W Berk,166.99,šaldiklis, lizingas 0% iki 10 mėn., Populiari prekė ,N/A
FSE13030N Beko,263.66,šaldiklis, lizingas 0% iki 10 mėn., Populiari prekė ,N/A
WH2010 A+E FO Whirlpool,279.27,šaldiklis, lizingas 0% iki 10 mėn.,N/A,N/A
FH451CW Gorenje,422.27,šaldiklis, lizingas 0% iki 10 mėn., Populiari prekė ,N/A
UW8 F2Y XBI F 2 Whirlpool,476.96,šaldiklis, lizingas 0% iki 10 mėn., Populiari prekė ,N/A
FN619EEW5 Gorenje,524.72,šaldiklis, lizingas 0% iki 10 mėn.,N/A,N/A
CF100WN Beko,141.67,šaldiklis, lizingas 0% iki 10 mėn.,N/A, Naujiena 
GB 8883 Severin,148.99,šaldiklis, lizingas 0% iki 10 mėn.,N/A, Naujiena 
FV78D4AWF Hisense,152.46,šaldiklis, lizingas 0% iki 10 mėn.,N/A,N/A
CCHH 100 Candy,154.12,šaldiklis, lizingas 0% iki 10 mėn.,N/A,N/A
FV78D4ADF Hisense,156.27,šaldiklis, lizingas 0% iki 10 mėn.,N/A,N/A
BCF099E W Berk,159.99,šaldiklis, lizingas 0% iki 10 mėn.,N/A,N/A
MDRC152SLF01G Midea,165.99,šaldiklis, lizingas 0% iki 10 mėn.,N/A,N/A
FH10FPW Gorenje,176.60,šaldiklis, lizingas 0% iki 10 mėn.,N/A,N/A
MDRC207SLF01G (MCF150W) Midea,177.02,šaldiklis, lizingas 0% iki 10 mėn.,N/A,N/A
CUHS 38FW Candy,185.99,šaldiklis, lizingas 0% iki 10 mėn.,N/A,N/A
CCTUS 482WHN Candy,188.37,šaldiklis, lizingas 0% iki 10 mėn.,N/A,N/A
CHAE1002F Candy,189.38,šaldiklis, lizingas 0% iki 10 mėn.,N/A,N/A
CCTUS542WH Candy,190.85,šaldiklis, lizingas 0% iki 10 mėn.,N/A,N/A
FC258D4AW1 Hisense,194.11,šaldiklis, lizingas 0% iki 10 mėn.,N/A,N/A
FH15FPW Gorenje,198.00,šaldiklis, lizingas 0% iki 10 mėn.,N/A,N/A
FSE1173N Beko,199.99,šaldiklis, lizingas 0% iki 10 mėn.,N/A,N/A
MDRC280SLF34 (LF-199) Midea,206.90,šaldiklis, lizingas 0% iki 10 mėn.,N/A,N/A
BCF246E W Berk,207.00,šaldiklis, lizingas 0% iki 10 mėn.,N/A,N/A
CHAE1452F Candy,209.29,šaldiklis, lizingas 0% iki 10 mėn.,N/A,N/A
W55ZM 111 W Whirlpool,214.22,šaldiklis, lizingas 0% iki 10 mėn.,N/A,N/A
CCHH 145 Candy,214.99,šaldiklis, lizingas 0% iki 10 mėn.,N/A,N/A
WH1410 E2 Whirlpool,217.99,šaldiklis, lizingas 0% iki 10 mėn.,N/A,N/A
FSE1174N Beko,218.90,šaldiklis, lizingas 0% iki 10 mėn.,N/A, Naujiena 
MDRC279FZF01CE (MCF3085W) Midea,222.28,šaldiklis, lizingas 0% iki 10 mėn.,N/A,N/A
OS 1A 100 2 Indesit,225.69,šaldiklis, lizingas 0% iki 10 mėn.,N/A,N/A
F492PW Gorenje,229.41,šaldiklis, lizingas 0% iki 10 mėn.,N/A,N/A
CF200WN Beko,233.10,šaldiklis, lizingas 0% iki 10 mėn.,N/A,N/A
CCHH 200 Candy,236.80,šaldiklis, lizingas 0% iki 10 mėn.,N/A,N/A
FH21FPW Gorenje,239.29,šaldiklis, lizingas 0% iki 10 mėn.,N/A,N/A
BCF290E W Berk,239.99,šaldiklis, lizingas 0% iki 10 mėn.,N/A,N/A
WHS 14212 Whirlpool,246.34,šaldiklis, lizingas 0% iki 10 mėn.,N/A,N/A
OS 1A 200 H Indesit,251.56,šaldiklis, lizingas 0% iki 10 mėn.,N/A,N/A
CHAE2002F Candy,260.82,šaldiklis, lizingas 0% iki 10 mėn.,N/A,N/A
GS 8863 Severin,261.00,šaldiklis, lizingas 0% iki 10 mėn.,N/A, Naujiena 
FC386D4AW1 Hisense,272.94,šaldiklis, lizingas 0% iki 10 mėn.,N/A,N/A
WHS 2121 Whirlpool,277.65,šaldiklis, lizingas 0% iki 10 mėn.,N/A,N/A
BCF371E W Berk,289.99,šaldiklis, lizingas 0% iki 10 mėn.,N/A,N/A
GS 8864 Severin,291.00,šaldiklis, lizingas 0% iki 10 mėn.,N/A, Naujiena 
FV191N4AW1 Hisense,317.63,šaldiklis, lizingas 0% iki 10 mėn.,N/A,N/A
RFSA210K30WN Beko,319.73,šaldiklis, lizingas 0% iki 10 mėn.,N/A,N/A
FH301CW Gorenje,320.93,šaldiklis, lizingas 0% iki 10 mėn.,N/A,N/A
UI6 1 W.1 Indesit,340.81,šaldiklis, lizingas 0% iki 10 mėn.,N/A,N/A
FZ206.4 Amica,341.21,šaldiklis, lizingas 0% iki 10 mėn.,N/A,N/A
CMCH302ELN Candy,343.40,šaldiklis, lizingas 0% iki 10 mėn.,N/A,N/A
GTV15NWEA Bosch,345.58,šaldiklis, lizingas 0% iki 10 mėn.,N/A,N/A
F4141PW Gorenje,346.73,šaldiklis, lizingas 0% iki 10 mėn.,N/A,N/A
FH25EAW Gorenje,350.37,šaldiklis, lizingas 0% iki 10 mėn.,N/A,N/A
UI6 1 S.1 Indesit,350.66,šaldiklis, lizingas 0% iki 10 mėn.,N/A,N/A
G1223 Liebherr,354.47,šaldiklis, lizingas 0% iki 10 mėn.,N/A,N/A
GP1213 Liebherr,355.74,šaldiklis, lizingas 0% iki 10 mėn.,N/A,N/A
RFSA210K40WN Beko,358.00,šaldiklis, lizingas 0% iki 10 mėn.,N/A, Naujiena 
GP1376 Liebherr,359.00,šaldiklis, lizingas 0% iki 10 mėn.,N/A,N/A
UI6 F1T W1 Indesit,369.99,šaldiklis, lizingas 0% iki 10 mėn.,N/A,N/A
RFSA240M33WN Beko,378.61,šaldiklis, lizingas 0% iki 10 mėn.,N/A,N/A
FH401CW Gorenje,378.74,šaldiklis, lizingas 0% iki 10 mėn.,N/A,N/A
FV245N4AD1 Hisense,381.15,šaldiklis, lizingas 0% iki 10 mėn.,N/A,N/A
FN4171CW Gorenje,392.50,šaldiklis, lizingas 0% iki 10 mėn.,N/A,N/A
WHE3133.1 Whirlpool,405.66,šaldiklis, lizingas 0% iki 10 mėn.,N/A,N/A
WHM3911 1 Whirlpool,406.25,šaldiklis, lizingas 0% iki 10 mėn.,N/A,N/A
HSM40031 Beko,409.99,šaldiklis, lizingas 0% iki 10 mėn.,N/A,N/A
RFNE270E33WN Beko,419.52,šaldiklis, lizingas 0% iki 10 mėn.,N/A,N/A
MDRD333FZF01 (HS-312FWEN) Midea,423.00,šaldiklis, lizingas 0% iki 10 mėn.,N/A,N/A
RFSA240M41WN Beko,428.90,šaldiklis, lizingas 0% iki 10 mėn.,N/A, Naujiena 
UW6 F2C WB 2 Whirlpool,434.19,šaldiklis, lizingas 0% iki 10 mėn.,N/A,N/A
GP1476 Liebherr,440.86,šaldiklis, lizingas 0% iki 10 mėn.,N/A,N/A
F 22SM-T1000E Snaige,442.99,šaldiklis, lizingas 0% iki 10 mėn.,N/A,N/A
UW8 F2Y WBI F 2 Whirlpool,449.47,šaldiklis, lizingas 0% iki 10 mėn.,N/A,N/A
RFNE312E33WN Beko,463.73,šaldiklis, lizingas 0% iki 10 mėn.,N/A,N/A
HSM47530 Beko,478.99,šaldiklis, lizingas 0% iki 10 mėn.,N/A,N/A
FS127330N Beko,487.80,šaldiklis, lizingas 0% iki 10 mėn.,N/A,N/A
RFNE312E43WN Beko,491.99,šaldiklis, lizingas 0% iki 10 mėn.,N/A,N/A
RFNE312E43XN Beko,492.45,šaldiklis, lizingas 0% iki 10 mėn.,N/A,N/A
FN619FEW5 Gorenje,545.79,šaldiklis, lizingas 0% iki 10 mėn.,N/A,N/A
GSV36VWEV Bosch,574.94,šaldiklis, lizingas 0% iki 10 mėn.,N/A,N/A
GP1486 Liebherr,575.99,šaldiklis, lizingas 0% iki 10 mėn.,N/A,N/A
GSN29VWEP Bosch,595.46,šaldiklis, lizingas 0% iki 10 mėn.,N/A,N/A
GPesf1476 Liebherr,611.11,šaldiklis, lizingas 0% iki 10 mėn.,N/A,N/A
GSN33VWEP Bosch,623.57,šaldiklis, lizingas 0% iki 10 mėn.,N/A,N/A
FN619EAXL6 Gorenje,653.91,šaldiklis, lizingas 0% iki 10 mėn.,N/A,N/A
RZ32M7115S9/ EF Samsung,675.31,šaldiklis, lizingas 0% iki 10 mėn.,N/A,N/A
GSN36VIFV Bosch,677.63,šaldiklis, lizingas 0% iki 10 mėn.,N/A,N/A
GSN36AWEP Bosch,739.03,šaldiklis, lizingas 0% iki 10 mėn.,N/A,N/A
LUT6NE28U2 Electrolux,749.00,šaldiklis, lizingas 0% iki 10 mėn.,N/A,N/A
GSN36AIEP Bosch,753.96,šaldiklis, lizingas 0% iki 10 mėn.,N/A,N/A
LUT7ME28X2 Electrolux,763.14,šaldiklis, lizingas 0% iki 10 mėn.,N/A,N/A
GSN51AWDV Bosch,822.79,šaldiklis, lizingas 0% iki 10 mėn.,N/A,N/A
CFd2085 Liebherr,828.37,šaldiklis, lizingas 0% iki 10 mėn.,N/A,N/A
FNf5207 Liebherr,852.89,šaldiklis, lizingas 0% iki 10 mėn.,N/A,N/A
CFf2080 Liebherr,879.99,šaldiklis, lizingas 0% iki 10 mėn.,N/A,N/A
SFNsfe5227 Liebherr,1007.51,šaldiklis, lizingas 0% iki 10 mėn.,N/A,N/A
GSN58AWDP Bosch,1016.60,šaldiklis, lizingas 0% iki 10 mėn.,N/A,N/A
CFd2505 Liebherr,1028.99,šaldiklis, lizingas 0% iki 10 mėn.,N/A,N/A
GSN36AIDP Bosch,1080.88,šaldiklis, lizingas 0% iki 10 mėn.,N/A,N/A
FN 4372 E ws Miele,1099.00,šaldiklis, lizingas 0% iki 10 mėn.,N/A,N/A
FNS 4382 E el Miele,1199.00,šaldiklis, lizingas 0% iki 10 mėn.,N/A,N/A
FNS 4782 E edt/ cs Miele,1398.00,šaldiklis, lizingas 0% iki 10 mėn.,N/A,N/A
SIFNd4556 Prime Liebherr,1411.20,šaldiklis, lizingas 0% iki 10 mėn.,N/A,N/A
FNS 4882 D edt/ cs Miele,1799.00,šaldiklis, lizingas 0% iki 10 mėn.,N/A,N/A
